,Rank,Song Title,Song Artist,Year,Genre,Decade
0,57,1999,Prince,1983,Popular,1980
0,20,(Everything I Do) I Do It For You,Bryan Adams,1991,Ballad,1990
0,46,(I Can't Get No) Satisfaction,Rolling Stones,1965,Oldies,1960
0,15,(I've Had) The Time Of My Life,Bill Medley & Jennifer Warnes,1987,Ballad,1980
0,47,(Let Me Be Your) Teddy Bear,Elvis Presley,1957,Oldies,1950
0,19,(Sittin' On) The Dock Of The Bay,Otis Redding,1968,Oldies,1960
1,29,(We're Gonna) Rock Around The Clock,Bill Haley & His Comets,1955,Oldies,1950
1,38,(You Gotta) Fight For Your Right (To Party!),Beastie Boys,1987,Alternative,1980
1,70,(Your Love Keeps Lifting Me) Higher And Higher,Jackie Wilson,1967,Oldies,1960
1,100,1 2 Step,Ciara Feat. Missy Elliott,2004,R&B,2000
1,78,"1, 2, 3, 4",Plain White T's,2008,Rock,2000
1,74,16 Candles,Crests,1958,Oldies,1950
2,88,A Teenager In Love,Dion & The Belmonts,1958,Oldies,1950
2,19,ABC,Jackson 5,1970,Oldies,1970
2,70,Accidentally In Love,Counting Crows,2004,Popular,2000
2,68,Achy Breaky Heart,Billy Ray Cyrus,1992,Country,1990
2,68,Africa,Toto,1983,Ballad,1980
2,62,Ain't Going Down (Til The Sun Comes Up),Garth Brooks,1993,Country,1990
3,16,Ain't No Mountain High Enough,Marvin Gaye & Tammi Terrell,1967,Oldies,1960
3,80,Ain't No Mountain High Enough,Diana Ross,1970,Oldies,1970
3,53,Ain't That a Kick in the Head?,Dean Martin,1964,None,1960
3,76,Ain't That A Shame,Fats Domino,1955,Oldies,1950
3,28,Ain't Too Proud To Beg,Temptations,1966,Oldies,1960
3,45,All I Have To Do Is Dream,Everly Brothers,1958,Oldies,1950
4,14,All My Life,K-Ci & JoJo,1997,Ballad,1990
4,95,All My Loving,Beatles,1964,Oldies,1960
4,52,All Night Long (All Night),Lionel Richie,1983,Popular,1980
4,7,All Shook Up,Elvis Presley,1957,Oldies,1950
4,34,All Summer Long,Kid Rock,2008,Rock,2000
4,32,All The Way,Frank Sinatra,1953,Ballad,1950
5,17,All You Need Is Love,Beatles,1967,Oldies,1960
5,61,Always,Ella Fitzgerald,1956,Ballad,1950
5,85,Always And Forever,Heatwave,1978,Ballad,1970
5,8,Amazed,Lonestar,1999,Ballad,1990
5,29,American Girl,Tom Petty & Heartbreakers,1976,Rock,1970
5,53,American Pie,Don McLean,1972,Oldies,1970
6,88,And I Love Her,Beatles,1964,Ballad,1960
6,30,Another One Bites The Dust,Queen,1981,Popular,1980
6,90,Any Man Of Mine,Shania Twain,1995,Country,1990
6,44,Any Way You Want It,Journey,1980,Rock,1980
6,51,Apache,Sugarhill Gang,1995,Popular,1990
6,6,At Last,Etta James,1961,Oldies,1960
7,30,At The Hop,Danny & The Juniors,1958,Oldies,1950
7,2,Baby Got Back,Sir Mix-A-Lot,1992,Popular,1990
7,58,Baby I Need Your Loving,Four Tops,1964,Oldies,1960
7,82,Back At One,Brian McKnight,1999,R&B,1990
7,72,Back In Black,AC/DC,1980,Rock,1980
7,72,Back That Thang Up,Juvenile,1999,R&B,1990
8,61,Bad Moon Rising,Creedence Clearwater Revival,1969,Oldies,1960
8,40,Bad Romance,Lady Gaga,2009,Popular,2000
8,48,Banana Boat (Day-O),Harry Belafonte,1956,Easy Listening,1950
8,93,Barbara Ann,Beach Boys,1966,Oldies,1960
8,96,Barbie Girl,Aqua,1997,Popular,1990
8,77,Beast Of Burden,Rolling Stones,1978,Alternative,1970
9,21,Beat It,Michael Jackson,1983,Popular,1980
9,72,Beautiful Day,U2,2000,Rock,2000
9,68,Because Of You,Tony Bennett,1951,Oldies,1950
9,42,Because You Loved Me,Celine Dion,1996,Popular,1990
9,93,Beer Barrel Polka,Bobby Vinton,1975,Polka,1970
9,22,Bennie And The Jets,Elton John,1974,Oldies,1970
10,23,Better Together,Jack Johnson,2005,Easy Listening,2000
10,51,Beyond The Sea,Bobby Darin,1960,Oldies,1960
10,97,Big Green Tractor,Jason Aldean,2009,Country,2000
10,94,Big Poppa,Notorious B.I.G.,1995,Hip Hop,1990
10,6,Billie Jean,Michael Jackson,1982,Popular,1980
10,54,Black Betty,Ram Jam,1977,Oldies,1970
11,74,Blame It,Jamie Foxx Feat. T-Pain,2009,Popular,2000
11,19,Bless The Broken Road,Rascal Flatts,2004,Ballad,2000
11,54,Blister In The Sun,Violent Femmes,1982,Alternative,1980
11,21,Blue Suede Shoes,Elvis Presley,1956,Oldies,1950
11,58,Blueberry Hill,Fats Domino,1957,Oldies,1950
11,23,Bohemian Rhapsody,Queen,1975,Oldies,1970
12,51,Boogie Shoes,KC & The Sunshine Band,1977,Popular,1970
12,26,Boom Boom Pow,Black Eyed Peas,2009,Popular,2000
12,12,Boot Scootin' Boogie,Brooks & Dunn,1991,Country,1990
12,96,Born To Be Wild,Steppenwolf,1968,Oldies,1960
12,97,Born To Run,Bruce Springsteen,1975,Rock,1970
12,67,Brass Monkey,Beastie Boys,1986,Alternative,1980
13,8,Brick House,Commodores,1977,Disco,1970
13,3,Brown Eyed Girl,Van Morrison,1967,Oldies,1960
13,11,Build Me Up Buttercup,Foundations,1968,Oldies,1960
13,89,Burning Love,Elvis Presley,1972,Oldies,1970
13,19,Bust A Move,Young M.C.,1989,Popular,1980
13,46,Butterfly Kisses,Bob Carlisle,1997,Ballad,1990
14,48,Bye Bye Bye,N Sync,2000,Dance,2000
14,41,C'mon 'N Ride It (The Train),Quad City DJ's,1996,Popular,1990
14,94,California Girls,Beach Boys,1965,Oldies,1960
14,44,California Love,2Pac Featuring Dr. Dre & Roger Troutman,1996,Alternative,1990
14,25,Can You Feel The Love Tonight,Elton John,1994,Ballad,1990
14,76,Can't Buy Me Love,Beatles,1964,Oldies,1960
15,88,Can't Fight This Feeling,REO Speedwagon,1985,Ballad,1980
15,35,"Can't Get Enough Of Your Love, Babe",Barry White,1974,R&B,1970
15,9,Can't Help Falling In Love,Elvis Presley With The Jordanaires,1961,Ballad,1960
15,91,Can't Help Falling In Love,UB40,1993,Ballad,1990
15,25,Can't Take My Eyes Off You,Frankie Valli,1967,Oldies,1960
15,60,Cecilia,Simon & Garfunkel,1970,Oldies,1970
16,7,Celebration,Kool & The Gang,1980,Disco,1980
16,2,Cha-Cha Slide,Mr. C The Slide Man,2000,Popular,2000
16,100,Chain Of Fools,Aretha Franklin,1967,Oldies,1960
16,34,Chances Are,Johnny Mathis,1957,Oldies,1950
16,28,Chantilly Lace,Big Bopper,1958,Oldies,1950
16,66,Chapel Of Love,Dixie Cups,1964,Oldies,1960
17,83,Check Yes Or No,George Strait,1995,Country,1990
17,99,Cherry Pink And Apple Blossom White,Perez Prado,1955,Oldies,1950
17,46,Chicken Dance,Various,1977,Other,1970
17,39,Chicken Fried,Zac Brown Band,2008,Popular,2000
17,76,Clumsy,Fergie,2006,Popular,2000
17,27,Come Away With Me,Norah Jones,2003,Ballad,2000
18,2,Come Fly With Me,Frank Sinatra,1958,Oldies,1950
18,63,Come Go With Me,Dell-Vikings,1957,Oldies,1950
18,31,Come on Eileen,Dexy's Midnight Runners,1982,Popular,1980
18,89,Come Together,Beatles,1969,Oldies,1960
18,81,Conga,Gloria Estefan & Miami Sound Machine,1985,Popular,1980
18,45,Copperhead Road,Steve Earle,1988,Popular,1980
19,4,Cotton Eye Joe,Rednex,1994,Country,1990
19,83,Could I Have This Dance,Anne Murray,1980,Ballad,1980
19,64,Could You Be Loved,Bob Marley & The Wailers,1980,Reggae,1980
19,54,Crank Dat (Soulja Boy),Soulja Boy,2007,Popular,2000
19,40,Crash Into Me,Dave Matthews Band,1996,Popular,1990
19,48,Crazy,Patsy Cline,1961,Country,1960
20,25,Crazy In Love,Beyonce Featuring Jay-Z,2003,Popular,2000
20,20,Crazy Little Thing Called Love,Queen,1980,Popular,1980
20,52,Crazy Love,Van Morrison,1970,Oldies,1970
20,64,Crocodile Rock,Elton John,1973,Oldies,1970
20,1,Cupid Shuffle,Cupid,2007,Popular,2000
20,81,Cyclone,Baby Bash Featuring T-Pain,2007,Popular,2000
21,71,Dance To The Music,Sly & Family Stone,1968,Oldies,1960
21,79,Dancing In The Dark,Bruce Springsteen,1984,Alternative,1980
21,58,Dancing In The Moonlight,King Harvest,1972,Oldies,1970
21,7,Dancing Queen,ABBA,1976,Disco,1970
21,89,Dancing With Myself,Billy Idol,1981,Rock,1980
21,77,Dead Man's Party,Oingo Boingo,1985,Popular,1980
22,27,"December 1963 (Oh, What A Night)",Four Seasons,1976,Oldies,1970
22,92,Disturbia,Rihanna,2008,Popular,2000
22,37,Do You Love Me,Contours,1962,Oldies,1960
22,75,Do You Want To Dance,Bobby Freeman,1958,Oldies,1950
22,37,Don't Be Cruel,Elvis Presley,1956,Oldies,1950
22,6,Don't Stop 'Til You Get Enough,Michael Jackson,1979,Popular,1970
23,1,Don't Stop Believin',Journey,1981,Rock,1980
23,47,Down,Jay Sean Featuring Lil Wayne,2009,Popular,2000
23,97,Down On The Corner/Fortunate Son,Creedence Clearwater Revival,1969,Oldies,1960
23,33,Dream Lover,Bobby Darin,1959,Oldies,1950
23,84,Drop It Low,Ester Dean Featuring Chris Brown,2009,Popular,2000
23,84,Dust On The Bottle,David Lee Murphy,1995,Country,1990
24,70,Earth Angel,Crew-Cuts,1955,Oldies,1950
24,19,Earth Angel (Will You Be Mine),Penguins,1955,Oldies,1950
24,86,Eight Days A Week,Beatles,1965,Oldies,1960
24,1,Electric Slide,Marcia Griffiths,1990,Popular,1990
24,50,Empire State Of Mind,Jay-Z Featuring Alicia Keys,2009,Popular,2000
24,57,Evacuate The Dancefloor,Cascada,2009,Popular,2000
25,82,Every Little Thing She Does Is Magic,Police,1981,Popular,1980
25,33,Everybody (Backstreet's Back),Backstreet Boys,1998,Popular,1990
25,91,Everybody Loves Somebody,Dean Martin,1964,Oldies,1960
25,55,Everyday,Buddy Holly,1957,Oldies,1950
25,14,Everything,Michael Buble,2007,Ballad,2000
25,67,Everytime We Touch,Cascada,2006,Popular,2000
26,60,Eye Of The Tiger,Survivor,1982,Oldies,1980
26,18,Faithfully,Journey,1983,Ballad,1980
26,41,Family Tradition,"Hank Williams, Jr.",1979,Country,1970
26,30,Fat Bottomed Girls,Queen,1978,Alternative,1970
26,66,Fire Burning,Sean Kingston,2009,Popular,2000
26,40,Fishin' in the Dark,The Nitty Gritty Dirt Band,1987,Country,1980
27,14,Fly Me To The Moon,Frank Sinatra,1964,Big Band,1960
27,82,Folsom Prison Blues,Johnny Cash,1968,Oldies,1960
27,8,Footloose,Kenny Loggins,1984,Popular,1980
27,44,For Once In My Life,Stevie Wonder,1968,Oldies,1960
27,16,Forever,Chris Brown,2008,Popular,2000
27,49,"Forever And Ever, Amen",Randy Travis,1987,Country,1980
28,87,Forever Young,Rod Stewart,1988,Alternative,1980
28,74,Free Bird,Lynyrd Skynyrd,1974,Oldies,1970
28,58,Free Fallin',Tom Petty,1989,Rock,1980
28,3,Friends In Low Places,Garth Brooks,1990,Country,1990
28,26,From This Moment On,Shania Twain,1998,Country,1990
28,59,Funky Cold Medina,Tone Loc,1989,Popular,1980
29,91,Funkytown,Lipps Inc.,1980,Oldies,1980
29,84,Georgia On My Mind,Ray Charles,1960,Oldies,1960
29,65,Get Down On It,Kool & The Gang,1981,Popular,1980
29,16,Get Down Tonight,KC & The Sunshine Band,1975,Disco,1970
29,13,Get Low,Lil' Jon & East Side Boyz Feat. Ying Yang Twins,2003,Popular,2000
29,89,Get Me Bodied,Beyonce,2007,Popular,2000
30,45,Get The Party Started,Pink,2001,Popular,2000
30,59,Get Up Off Of That Thing,James Brown,1977,R&B,1970
30,17,Gettin' Jiggy Wit It,Will Smith,1997,Popular,1990
30,99,Gimme Three Steps,Lynyrd Skynyrd,1973,Rock,1970
30,89,Gin And Juice,Snoop Doggy Dogg,1994,Rap,1990
30,11,Girls Just Want To Have Fun,Cyndi Lauper,1984,Popular,1980
31,85,Glory Days,Bruce Springsteen,1985,Popular,1980
31,49,God Only Knows,Beach Boys,1966,Oldies,1960
31,35,Gold Digger,Kanye West Featuring Jamie Foxx,2005,Popular,2000
31,27,Gonna Make You Sweat (Everybody Dance Now),C+C Music Factory Featuring Freedom Williams,1990,Popular,1990
31,45,Good Vibrations,Marky Mark & The Funky Bunch Featuring Loletta Holloway,1991,Rap,1990
31,64,Good Vibrations,Beach Boys,1966,Oldies,1960
32,72,Got To Give It Up,Marvin Gaye,1977,Oldies,1970
32,24,Grease Megamix,John Travolta & Olivia Newton-John,1996,Popular,1990
32,10,Great Balls Of Fire,Jerry Lee Lewis,1957,Country,1950
32,65,Groove Is In The Heart,Deee-Lite,1990,Popular,1990
32,80,Grow Old With You,Adam Sandler,2003,Popular,2000
32,72,Hang On Sloopy,McCoys,1965,Oldies,1960
33,43,Happy Together,Turtles,1967,Oldies,1960
33,37,Have I Told You Lately,Rod Stewart,1993,Alternative,1990
33,82,Haven't Met You Yet,Michael Bublé,2009,Popular,2000
33,77,Heartbreak Hotel,Elvis Presley,1956,Oldies,1950
33,96,Heaven,Bryan Adams,1985,Oldies,1980
33,97,Here And Now,Luther Vandross,1989,Ballad,1980
34,45,Here Comes The Sun,Beatles,1969,Alternative,1960
34,59,Hey Jude,Beatles,1968,Oldies,1960
34,33,Hey Soul Sister,Train,2009,Popular,2000
34,9,Hey Ya!,Outkast,2003,Popular,2000
34,67,"Hey, Good Lookin'","Hank Williams, Sr.",1951,Country,1950
34,42,Hips Don't Lie,Shakira Feat. Wyclef Jean,2006,Popular,2000
35,39,Hit Me With Your Best Shot,Pat Benatar,1980,Alternative,1980
35,76,Hold On,Wilson Phillips,1990,Popular,1990
35,90,Honky Tonk Women,Rolling Stones,1969,Oldies,1960
35,59,Hot Hot Hot,Buster Poindexter,1995,Popular,1990
35,29,Hot In Herre,Nelly,2002,Popular,2000
35,85,Hot N Cold,Katy Perry,2008,Popular,2000
36,26,Hotel California,Eagles,1977,Rock,1970
36,16,Hound Dog,Elvis Presley,1956,Oldies,1950
36,82,How Deep Is Your Love,Bee Gees,1977,Oldies,1970
36,10,How Sweet It Is (To Be Loved By You),James Taylor,1975,Popular,1970
36,34,How Sweet It Is To Be Loved By You,Marvin Gaye,1964,Oldies,1960
36,36,Hypnotize,Notorious B.I.G.,1997,Popular,1990
37,15,"I Can't Help Myself (Sugar Pie, Honey Bunch)",Four Tops,1965,Oldies,1960
37,95,I Could Not Ask For More,Edwin McCain,1999,Ballad,1990
37,18,I Cross My Heart,George Strait,1992,Country,1990
37,7,I Don't Want To Miss A Thing,Aerosmith,1998,Ballad,1990
37,18,I Get a Kick Out of You,Frank Sinatra,1953,Ballad,1950
37,41,I Got You (I Feel Good),James Brown,1965,Oldies,1960
38,40,I Got You Babe,Sonny & Cher,1965,Oldies,1960
38,3,I Gotta Feeling,Black Eyed Peas,2009,Popular,2000
38,83,I Heard It Through The Grapevine,Marvin Gaye,1968,Oldies,1960
38,73,I Hope You Dance,Lee Ann Womack,2000,Ballad,2000
38,46,I Know You Want Me (Calle Ocho),Pitbull,2009,Popular,2000
38,98,I Like It I Love It,Tim McGraw,1995,Country,1990
39,55,"I Like it, I Love it",Tim McGraw,1995,Country,1990
39,29,I Love Rock 'N Roll,Joan Jett & Blackhearts,1982,Popular,1980
39,41,I Loved Her First,Heartland,2006,Country,2000
39,22,I Only Have Eyes For You,Flamingos,1959,Ballad,1950
39,39,I Saw Her Standing There,Beatles,1964,Oldies,1960
39,85,I Say A Little Prayer,Aretha Franklin,1968,Oldies,1960
40,71,I Swear,All-4-One,1994,Ballad,1990
40,79,I Swear,John Michael Montgomery,1993,Country,1990
40,4,I Walk The Line,Johnny Cash,1956,Country,1950
40,10,I Wanna Dance With Somebody (Who Loves Me),Whitney Houston,1987,Popular,1980
40,52,I Want It That Way,Backstreet Boys,1999,Alternative,1990
40,38,I Want To Hold Your Hand,Beatles,1964,Oldies,1960
41,35,I Want You Back,Jackson 5,1969,Oldies,1960
41,17,I Want You To Want Me,Cheap Trick,1979,Rock,1970
41,54,I Will Always Love You,Whitney Houston,1992,Popular,1990
41,20,I Will Survive,Gloria Gaynor,1979,Disco,1970
41,90,I Wish You Love,Dean Martin,1959,Ballad,1950
41,34,I'll Be,Edwin McCain,1998,Alternative,1990
42,39,I'll Be Seeing You,Billie Holiday,1954,Blues,1950
42,88,I'll Be There,Jackson 5,1970,Oldies,1970
42,55,I'm A Believer,Monkees,1966,Oldies,1960
42,38,I'm Gonna Be (500 Miles),Proclaimers,1993,Popular,1990
42,61,I'm Too Sexy,Right Said Fred,1991,Popular,1990
42,11,I'm Yours,Jason Mraz,2008,Popular,2000
43,5,I've Got You Under My Skin,Frank Sinatra,1953,Oldies,1950
43,6,Ice Ice Baby,Vanilla Ice,1990,Popular,1990
43,77,Ignition,R. Kelly,2003,R&B,2000
43,56,Imma Be,Black Eyed Peas,2009,Popular,2000
43,36,In Da Club,50 Cent,2003,Popular,2000
43,30,In My Life,Beatles,1965,Oldies,1960
44,6,In the Mood,Glenn Miller,1955,Jazz,1950
44,20,In The Still Of The Night,Five Satins,1956,Oldies,1950
44,75,In Your Eyes,Peter Gabriel,1986,Alternative,1980
44,43,Into The Mystic,Van Morrison,1970,Oldies,1970
44,56,Iris,Goo Goo Dolls,1998,Alternative,1990
44,36,Is This Love?,Bob Marley & The Wailers,1978,Reggae,1970
45,24,Isn't She Lovely,Stevie Wonder,1976,Country,1970
45,33,It Had To Be You,"Harry Connick Jr,",1962,Oldies,1960
45,47,It Takes Two,Rob Base & D.J. E-Z Rock,1988,Popular,1980
45,88,It's Five O'Clock Somewhere,Alan Jackson & Jimmy Buffett,2003,Country,2000
45,81,It's Not Unusual,Tom Jones,1965,Oldies,1960
45,94,It's Only Make Believe,Conway Twitty,1958,Oldies,1950
46,71,It's Raining Men,Weather Girls,1982,Popular,1980
46,35,It's Tricky,Run-D.M.C.,1986,Popular,1980
46,10,It's Your Love,Tim McGraw with Faith Hill,1997,Country,1990
46,99,Its Raining Men,Weather Girls,1983,Funk,1980
46,55,Jack & Diane,John Cougar,1982,Popular,1980
46,65,Jackson,Johnny Cash & June Carter,1967,Country,1960
47,3,Jailhouse Rock,Elvis Presley,1957,Oldies,1950
47,71,Jambalaya (On The Bayou),Hank Williams,1954,Country,1950
47,95,Jamming,Bob Marley & The Wailers,1977,Reggae,1970
47,14,Jessie's Girl,Rick Springfield,1981,Popular,1980
47,12,Johnny B. Goode,Chuck Berry,1958,Oldies,1950
47,90,Joy To The World,Three Dog Night,1971,Oldies,1970
48,78,Jump,Kris Kross,1992,Hip Hop,1990
48,94,Jump,Van Halen,1984,Rock,1980
48,9,Jump Around,House Of Pain,1992,Popular,1990
48,93,Jump Jive An' Wail,Brian Setzer Orchestra,1998,Popular,1990
48,47,Jump On It,Sir Mix-A-Lot,1996,Rap,1990
48,8,Just Dance,Lady Gaga Featuring Colby O'Donis,2008,Popular,2000
49,90,Just Like Heaven,Cure,1987,Alternative,1980
49,48,Just The Way You Are,Billy Joel,1978,Ballad,1970
49,27,Kiss,Prince,1986,Popular,1980
49,56,Kokomo,Beach Boys,1988,Popular,1980
49,24,L-O-V-E,Nat King Cole,1964,Ballad,1960
49,8,La Bamba,Ritchie Valens,1958,Oldies,1950
50,83,Ladies Night,Kool & The Gang,1979,Disco,1970
50,55,Landslide,Fleetwood Mac,1975,Ballad,1970
50,31,Last Dance,Donna Summer,1978,Disco,1970
50,91,Lean On Me,Bill Withers,1972,Oldies,1970
50,78,Let It Be,Beatles,1970,Ballad,1970
50,30,Let Me Clear My Throat,DJ Kool,1997,Hip Hop,1990
51,31,Let's Do It (Lets Fall in Love),Ella Fitzgerald,1956,Ballad,1950
51,21,Let's Get It On,Marvin Gaye,1973,R&B,1970
51,21,Let's Get It Started,Black Eyed Peas,2003,Popular,2000
51,28,Let's Get Married,Jagged Edge,1999,R&B,1990
51,63,Let's Go Crazy,Prince & The Revolution,1984,Popular,1980
51,80,Let's Groove,"Earth, Wind & Fire",1981,Oldies,1980
52,13,Let's Stay Together,Al Green,1972,R&B,1970
52,42,Let's Twist Again,Chubby Checker,1961,Oldies,1960
52,61,Life Is A Highway,Rascal Flatts,2006,Popular,2000
52,26,Like A Prayer,Madonna,1989,Popular,1980
52,52,Little Bitty Pretty One,Thurston Harris,1957,Oldies,1950
52,91,Little Darlin',Diamonds,1957,Oldies,1950
53,83,Live Your Life,T.I. Featuring Rihanna,2008,Popular,2000
53,80,Livin' La Vida Loca,Ricky Martin,1999,Latin,1990
53,4,Livin' On A Prayer,Bon Jovi,1986,Rock,1980
53,55,Lost In This Moment,Big & Rich,2007,Ballad,2000
53,75,Louie Louie,Kingsmen,1963,Oldies,1960
53,39,Love And Happiness,Al Green,1972,Rock,1970
54,54,Love and Marriage,Frank Sinatra,1969,Oldies,1960
54,100,Love Is A Many-Splendored Thing,Four Aces,1955,Oldies,1950
54,62,Love Is Here To Stay,Frank Sinatra,1955,Ballad,1950
54,79,Love Me Do,Beatles,1964,Oldies,1960
54,11,Love Me Tender,Elvis Presley,1956,Oldies,1950
54,3,Love Shack,B-52's,1989,Popular,1980
55,44,Love Story,Taylor Swift,2008,Country,2000
55,96,Loving You,Elvis Presley,1957,Ballad,1950
55,10,Low,Flo Rida Featuring T-Pain,2007,Popular,2000
55,63,Luck Be A Lady,Frank Sinatra,1965,Oldies,1960
55,18,Lucky,Jason Mraz & Colbie Caillat,2008,Ballad,2000
55,5,Macarena,Los Del Rio,1995,Popular,1990
56,15,Mack The Knife,Bobby Darin,1959,Oldies,1950
56,74,Magic Carpet Ride,Steppenwolf,1968,Oldies,1960
56,53,Making Memories Of Us,Keith Urban,2007,Country,2000
56,21,Mambo No. 5 (A Little Bit Of...),Lou Bega,1999,Popular,1990
56,73,Man In The Mirror,Michael Jackson,1987,Ballad,1980
56,74,Man! I Feel Like A Woman!,Shania Twain,1999,Country,1990
57,18,Margaritaville,Jimmy Buffett,1977,Popular,1970
57,66,Maybe I'm Amazed,Paul McCartney,1970,Rock,1970
57,89,Maybelline,Chuck Berry,1955,Oldies,1950
57,64,Me And You,Kenny Chesney,1996,Country,1990
57,43,Memories Are Made Of This,Dean Martin,1956,Oldies,1950
57,60,Miss Molly Good Golly,Little Richard,1958,Oldies,1950
58,64,Misty,Johnny Mathis,1959,Oldies,1950
58,60,Mo Money Mo Problems,Notorious B.I.G. Featuring Puff Daddy & Ma$e,1997,Hip Hop,1990
58,44,Mona Lisa,Nat King Cole,1950,Oldies,1950
58,33,Mony Mony,Billy Idol,1987,Popular,1980
58,73,Mony Mony,Tommy James & Shondells,1968,Oldies,1960
58,80,Moon River,Andy Williams,1962,Ballad,1960
59,50,Moondance,Van Morrison,1970,Popular,1970
59,45,More Than A Feeling,Boston,1976,Oldies,1970
59,77,Motownphilly,Boyz II Men,1991,R&B,1990
59,23,Mustang Sally,Wilson Pickett,1966,Oldies,1960
59,11,My Best Friend,Tim McGraw,1999,Country,1990
59,99,My Cherie Amour,Stevie Wonder,1969,Oldies,1960
60,56,My Funny Valentine,Frank Sinatra,1955,Ballad,1950
60,8,My Girl,Temptations,1965,Oldies,1960
60,49,My Humps,Black Eyed Peas,2005,Popular,2000
60,63,My Little Girl,Tim McGraw,2006,Country,2000
60,97,My Prayer,Platters,1956,Oldies,1950
60,98,My Sharona,Knack,1979,Oldies,1970
61,32,My Wish,Rascal Flatts,2006,Ballad,2000
61,59,Need You Now,Lady Antebellum,2009,Ballad,2000
61,85,Neon Moon,Brooks & Dunn,1992,Country,1990
61,66,Never Gonna Give You Up,Rick Astley,1987,Popular,1980
61,87,New York State Of Mind,Billy Joel,1976,Popular,1970
61,32,"New York, New York",Frank Sinatra,1962,Oldies,1960
62,49,Night And Day,Frank Sinatra,1957,Ballad,1950
62,81,Night Fever,Bee Gees,1978,Oldies,1970
62,32,No Diggity,Blackstreet Featuring Dr. Dre,1996,R&B,1990
62,98,Nothin' But A Good Time,Poison,1988,Rock,1980
62,73,Now That We Found Love,Heavy D & The Boyz,1991,Hip Hop,1990
62,78,Ob-La-Da Ob-La-Di,Beatles,1968,Oldies,1960
63,31,"Oh, Pretty Woman",Roy Orbison & Candy Men,1964,Oldies,1960
63,5,Old Time Rock & Roll,Bob Seger & The Silver Bullet Band,1978,Rock,1970
63,37,One More Time,Daft Punk,2001,Alternative,2000
63,70,Only The Good Die Young,Billy Joel,1978,Rock,1970
63,63,Only Wanna Be With You,Hootie & The Blowfish,1995,Alternative,1990
63,24,Only You (And You Alone),Platters,1955,Ballad,1950
64,51,Open Arms,Journey,1982,Ballad,1980
64,25,Our Love Is Here To Stay,Frank Sinatra,1955,Ballad,1950
64,62,Over The Rainbow,"Israel Kamakawiwo'ole ""Iz""",2003,Popular,2000
64,95,Paper Planes,M.I.A.,2008,Popular,2000
64,47,Paradise By The Dashboard Light,Meat Loaf,1978,Oldies,1970
64,78,Paradise City,Guns N' Roses,1989,Rock,1980
65,15,Party In The U.S.A.,Miley Cyrus,2009,Popular,2000
65,35,Peggy Sue,Buddy Holly,1957,Oldies,1950
65,14,Piano Man,Billy Joel,1974,Ballad,1970
65,9,Play That Funky Music,Wild Cherry,1976,Funk,1970
65,24,Please Don't Stop The Music,Rihanna,2007,Popular,2000
65,31,Poison,Bell Biv DeVoe,1990,Popular,1990
66,22,Poker Face,Lady Gaga,2009,Popular,2000
66,5,Pour Some Sugar On Me,Def Leppard,1987,Rock,1980
66,16,Pretty Young Thing (P.Y.T),Michael Jackson,1982,Popular,1980
66,27,Proud Mary,Creedence Clearwater Revival,1969,Oldies,1960
66,74,Pump Up The Jam,Technotronic Feat. Felly,1989,Popular,1980
66,17,Push It,Salt-N-Pepa,1987,Popular,1980
67,38,Put Your Head On My Shoulder,Paul Anka,1959,Oldies,1950
67,75,Rapper's Delight,Sugarhill Gang,1979,R&B,1970
67,24,Red Red Wine,UB40,1988,Popular,1980
67,100,Regulate,Warren G. & Nate Dogg,1994,Alternative,1990
67,98,Remember When,Alan Jackson,2001,Ballad,2000
67,21,Respect,Aretha Franklin,1967,Oldies,1960
68,79,Return To Me,Dean Martin,1958,Oldies,1950
68,31,Right Round,Flo Rida,2009,Popular,2000
68,18,Ring Of Fire,Johnny Cash,1963,Oldies,1960
68,80,Rock 'N' Roll Music,Chuck Berry,1957,Oldies,1950
68,69,Rock And Roll All Nite,Kiss,1975,Alternative,1970
68,92,Rock And Roll Is Here To Stay,Danny & The Juniors,1958,Oldies,1950
69,13,Rock Around The Clock,Bill Haley & His Comets,1956,Oldies,1950
69,92,Rock Lobster,B-52's,1979,Rock,1970
69,67,Rock The Boat,Hues Corporation,1974,Popular,1970
69,43,Rock With You,Michael Jackson,1980,Popular,1980
69,38,Rock Your Body,Justin Timberlake,2003,Popular,2000
69,27,Rockin' Robin,Bobby Day,1958,Swing,1950
70,26,Runaround Sue,Dion,1961,Oldies,1960
70,88,Santeria,Sublime,1997,Alternative,1990
70,17,Save A Horse (Ride A Cowboy),Big & Rich,2004,Country,2000
70,47,Save The Last Dance For Me,Drifters With Ben E. King,1960,Oldies,1960
70,87,Say Aah,Trey Songz Feat. Fabolous,2009,Popular,2000
70,51,Say Hey (I Love You),Michael Franti & Spearhead,2008,Popular,2000
71,65,Sea Of Love,Phil Phillips,1959,Oldies,1950
71,11,September,"Earth, Wind & Fire",1978,Disco,1970
71,7,SexyBack,Justin Timberlake,2006,Popular,2000
71,99,Shake It,Metro Station,2008,Popular,2000
71,33,Shake Your Booty,KC & The Sunshine Band,1976,Disco,1970
71,86,Shake Your Groove Thing,Peaches & Herb,1979,Disco,1970
72,36,Sharp Dressed Man,ZZ Top,1983,Rock,1980
72,49,She Thinks My Tractor's Sexy,Kenny Chesney,1999,Country,1990
72,86,She's Got A Way,Billy Joel,1982,Oldies,1980
72,53,Shoop,Salt-N-Pepa,1993,Hip Hop,1990
72,12,Shots,LMFAO Feat. Lil Jon,2009,Popular,2000
72,2,Shout,Otis Day And The Knights/Isley Brothers,1967,Oldies,1960
73,15,Signed Sealed Delivered,Stevie Wonder,1970,Oldies,1970
73,25,Simple Man,Lynyrd Skynyrd,1973,Rock,1970
73,98,Sincerely,McGuire Sisters,1955,Oldies,1950
73,4,Single Ladies (Put A Ring On It),Beyonce,2008,Popular,2000
73,40,Smoke Gets In Your Eyes,Platters,1958,Oldies,1950
73,75,Smooth,Santana Featuring Rob Thomas,1999,Popular,1990
74,41,Smooth Criminal,Michael Jackson,1987,Popular,1980
74,68,Some Kind of Wonderful,Grand Funk Railroad,1974,Rock,1970
74,76,Somebody to Love,Queen,1976,Popular,1970
74,62,Something,Beatles,1969,Oldies,1960
74,99,Somewhere over the Rainbow,Israel Kamakawiwow'ole,1993,Easy Listening,1990
74,96,Soul Man,Blues Brothers,1979,Rock,1970
75,59,Splish Splash,Bobby Darin,1958,Oldies,1950
75,13,Stand By Me,Ben E. King,1961,Oldies,1960
75,12,Stayin' Alive,Bee Gees,1978,Disco,1970
75,92,Stop! In The Name Of Love,Supremes,1965,Oldies,1960
75,92,Strawberry Wine,Deana Carter,1996,Country,1990
75,100,Strokin,Clarence Carter,1986,R&B,1980
76,75,Suavemente,Elvis Crespo,2005,Latin,2000
76,36,Sugar Sugar,The Archies,1969,Oldies,1960
76,100,Summer Nights,John Travolta & Olivia Newton,1978,Oldies,1970
76,12,Summer Of 69,Bryan Adams,1984,Rock,1980
76,56,Summer Wind,Frank Sinatra,1966,Oldies,1960
76,32,Super Freak,Rick James,1981,Popular,1980
77,42,Superstition,Stevie Wonder,1973,Oldies,1970
77,77,Suspicious Minds,Elvis Presley,1969,Oldies,1960
77,86,Sway,Michael Bublé,2004,Popular,2000
77,1,Sweet Caroline (Good Times Never Seemed So Good),Neil Diamond,1969,Oldies,1960
77,22,Sweet Child O' Mine,Guns N' Roses,1987,Rock,1980
77,84,Sweet Emotion,Aerosmith,1975,Rock,1970
78,3,Sweet Home Alabama,Lynyrd Skynyrd,1974,Rock,1970
78,95,Tainted Love,Soft Cell,1982,Popular,1980
78,79,Take A Chance On Me,ABBA,1978,Popular,1970
78,73,Take Me Home Country Roads,John Denver,1971,Country,1970
78,23,Take Me Home Tonight,Eddie Money,1986,Oldies,1980
78,37,Take On Me,a-ha,1985,Popular,1980
79,64,Telephone,Lady Gaga Feat. Beyonce,2009,Popular,2000
79,23,Tequila,Champs,1958,Oldies,1950
79,57,That'll Be The Day,Buddy Holly & The Crickets,1957,Oldies,1950
79,1,That's Amore,Dean Martin,1953,Oldies,1950
79,71,That's The Way (I Like It),KC & The Sunshine Band,1975,Oldies,1970
79,35,The Dance,Garth Brooks,1995,Country,1990
80,49,The Devil Went Down To Georgia,Charlie Daniels Band,1979,Country,1970
80,84,The Great Pretender,Platters,1956,Oldies,1950
80,85,The Hawaiian Wedding Song (Ke Kali Nei Au),Andy Williams,1959,Oldies,1950
80,29,The Humpty Dance,Digital Underground,1990,Popular,1990
80,56,The Joker,Steve Miller Band,1973,Rock,1970
80,94,The Loco-Motion,Grand Funk Railroad,1974,Oldies,1970
81,73,The Man I Love,Billie Holiday,1956,Ballad,1950
81,78,The Purple People Eater,Sheb Wooley,1958,Oldies,1950
81,50,The Safety Dance,Men Without Hats,1983,Oldies,1980
81,66,The Stroll,Diamonds,1958,Oldies,1950
81,93,The Tennessee Waltz,Patti Page,1950,Oldies,1950
81,81,The Twelfth Of Never,Johnny Mathis,1957,Oldies,1950
82,10,The Twist,Chubby Checker,1960,Oldies,1960
82,65,The Way I Are,Timbaland,2007,Popular,2000
82,57,The Way You Do The Things You Do,Temptations,1964,Oldies,1960
82,4,The Way You Look Tonight,Frank Sinatra,1964,Ballad,1960
82,13,The Way You Make Me Feel,Michael Jackson,1987,Popular,1980
82,96,The Way You Move,Outkast Featuring Sleepy Brown,2003,Hip Hop,2000
83,30,Then,Brad Paisley,2009,Country,2000
83,87,Then He Kissed Me,Crystals,1963,Oldies,1960
83,72,There Goes My Baby,Drifters,1959,Oldies,1950
83,69,These Arms Of Mine,Otis Redding,1963,Oldies,1960
83,42,They Can't Take That Away From Me,Frank Sinatra,1955,Ballad,1950
83,13,This Is How We Do It,Montell Jordan,1995,Popular,1990
84,98,This Magic Moment,Drifters,1960,Oldies,1960
84,38,This Will Be (An Everlasting Love),Natalie Cole,1975,Oldies,1970
84,61,Three Little Birds,Bob Marley & The Wailers,1977,Reggae,1970
84,9,Thriller,Michael Jackson,1982,Popular,1980
84,57,Thunderstruck,AC/DC,1990,Rock,1990
84,20,Tik Tok,Ke$ha,2009,Popular,2000
85,67,Time Of Your Life (Good Riddance),Green Day,1998,Alternative,1990
85,44,Tiny Dancer,Elton John,1972,Oldies,1970
85,70,To Make You Feel My Love,Garth Brooks,1998,Country,1990
85,90,Toes,Zac Brown Band,2009,Country,2000
85,86,Too Marvelous For Words,Frank Sinatra,1955,Ballad,1950
85,95,Too Marvelous for Words,Ella Fitzgerald,1956,Oldies,1950
86,16,Tootsee Roll,69 Boyz,1994,Popular,1990
86,50,Tootsie Roll,69 Boyz,1994,Popular,1990
86,93,Toxic,Britney Spears,2004,Popular,2000
86,82,True Love Ways,Buddy Holly,1958,Oldies,1950
86,39,Truly Madly Deeply,Savage Garden,1997,Ballad,1990
86,36,Tutti-Frutti,Little Richard,1956,Oldies,1950
87,83,Twilight Time,Platters,1958,Oldies,1950
87,5,Twist And Shout,Beatles,1963,Oldies,1960
87,29,Twist And Shout,Isley Brothers,1962,Oldies,1960
87,60,Twistin' The Night Away,Sam Cooke,1962,Oldies,1960
87,94,Two Is Better Than One,Boys Like Girls Feat. Taylor Swift,2009,Ballad,2000
87,19,U Can't Touch This,M.C. Hammer,1990,Popular,1990
88,71,Umbrella,Rihanna Feat. Jay-Z,2007,Popular,2000
88,12,Unchained Melody,Righteous Brothers,1965,Oldies,1960
88,84,Under Pressure,Queen & David Bowie,1981,Rock,1980
88,67,Under The Boardwalk,Drifters,1964,Oldies,1960
88,23,Unforgettable,Nat King Cole & Natalie Cole,1991,Ballad,1990
88,76,Uptown Girl,Billy Joel,1983,Popular,1980
89,91,Viva La Vida,Coldplay,2008,Popular,2000
89,87,Vogue,Madonna,1990,Popular,1990
89,41,Volare,Dean Martin,1958,Oldies,1950
89,60,Wagon Wheel,Old Crow Medicine Show,2004,Country,2000
89,70,Wake Me Up Before You Go-Go,Wham!,1984,Popular,1980
89,46,Wake Up Little Susie,Everly Brothers,1957,Oldies,1950
90,92,Walk Like An Egyptian,Bangles,1986,Rock,1980
90,28,Walk This Way,Aerosmith,1976,Rock,1970
90,26,Walkin' After Midnight,Patsy Cline,1957,Oldies,1950
90,46,Walking On Sunshine,Katrina & The Waves,1985,Oldies,1980
90,61,Wanna Be Startin' Somethin',Michael Jackson,1983,Popular,1980
90,22,Wannabe,Spice Girls,1996,Popular,1990
91,81,Watermelon Crawl,Tracy Byrd,1994,Country,1990
91,4,We Are Family,Sister Sledge,1979,Popular,1970
91,7,What A Wonderful World,Louis Armstrong,1967,Ballad,1960
91,66,What I Got,Sublime,1996,Alternative,1990
91,25,What I Like About You,Romantics,1980,Rock,1980
91,48,What Is Love,Haddaway,1993,Alternative,1990
92,51,What'd I Say (Part 1),Ray Charles,1959,Oldies,1950
92,52,Whatever It Is,Zac Brown Band,2009,Country,2000
92,69,Whatever You Like,T.I.,2008,Popular,2000
92,97,Whatta Man,Salt 'N Pepa,1994,Hip Hop,1990
92,20,When A Man Loves A Woman,Percy Sledge,1966,Oldies,1960
92,14,When I Fall In Love,Nat King Cole,1956,Ballad,1950
93,50,When I'm Sixty-Four,Beatles,1967,Oldies,1960
93,15,When You Say Nothing At All,Alison Krauss,1995,Country,1990
93,87,White Lightning,George Jones,1959,Country,1950
93,28,White Wedding,Billy Idol,1983,Popular,1980
93,69,Whoe Wrote The Book Of Love,Monotones,1958,Oldies,1950
93,53,Whole Lotta Shakin' Going On,Jerry Lee Lewis,1957,Country,1950
94,69,Whoomp! (There It Is),Tag Team,1994,Popular,1990
94,54,Why Do Fools Fall In Love,Frankie Lymon & The Teenagers,1956,Oldies,1950
94,79,Why Don't We Just Dance,Josh Turner,2009,Country,2000
94,34,Wild Thing,Tone Loc,1988,Popular,1980
94,52,With A Little Help From My Friends,Beatles,1967,Oldies,1960
94,5,Wobble,V.I.C.,2008,Popular,2000
95,1,Wonderful Tonight,Eric Clapton,1978,Ballad,1970
95,43,Wonderwall,Oasis,1995,Alternative,1990
95,22,Wouldn't It Be Nice,Beach Boys,1966,Oldies,1960
95,50,Yakety Yak,Coasters,1958,Oldies,1950
95,6,Yeah,Usher,2004,Popular,2000
95,28,Yeah!,Usher Featuring Lil Jon & Ludacris,2004,Popular,2000
96,2,YMCA,Village People,1975,Disco,1970
96,43,You And Me,Lifehouse,2005,Ballad,2000
96,68,You And Me,Dave Matthews Band,2009,Ballad,2000
96,63,You Are So Beautiful,Joe Cocker,1975,Ballad,1970
96,58,You Are The Best Thing,Ray Lamontagne,2008,Easy Listening,2000
96,57,You Are The Sunshine Of My Life,Stevie Wonder,1973,Oldies,1970
97,69,You Dropped A Bomb On Me,Gap Band,1982,Popular,1980
97,62,You Give Love A Bad Name,Bon Jovi,1986,Popular,1980
97,86,You Had Me From Hello,Kenny Chesney,1999,Country,1990
97,9,You Make Me Feel So Young,Frank Sinatra,1953,Ballad,1950
97,48,You Make My Dreams Come True,Daryl Hall & John Oates,1982,Oldies,1980
97,17,You Send Me,Sam Cooke,1957,Oldies,1950
98,65,You Sexy Thing,Hot Chocolate,1976,Popular,1970
98,2,You Shook Me All Night Long,AC/DC,1980,Rock,1980
98,62,You Should Be Dancing,Bee Gees,1976,Oldies,1970
98,42,You Spin Me Round (Like A Record),Dead Or Alive,1984,Alternative,1980
98,40,You're My Best Friend,Queen,1976,Oldies,1970
98,58,You're Still The One,Shania Twain,1998,Country,1990
99,32,"You're the First, the Last, My Everything",Barry White,1975,R&B,1970
99,93,You're The Inspiration,Chicago,1984,Ballad,1980
99,34,You're The One That I Want,John Travolta & Olivia Newton,1978,Popular,1970
99,68,You've Lost That Lovin' Feelin',Righteous Brothers,1964,Oldies,1960
99,53,Your Love,Outfield,1985,Popular,1980
99,37,Your Song,Elton John,1971,Ballad,1970
